{"25416.0": [[33, 45, 55, 44, 32, 28, 2, 47, 54, 53, 1, 40, 34, 9, 51, 50, 46, 48, 42, 26, 11, 56, 22, 4, 57, 23, 43, 17, 0, 29, 12, 39, 24, 8, 31, 19, 52, 49, 3, 7, 21, 15, 37, 41, 30, 6, 10, 38, 20, 35, 16, 25, 5, 18, 27, 13, 36, 14], [23, 0.15000000000000002, 1, 2, 50, 10000, 1]], "25475.0": [[14, 33, 45, 55, 44, 32, 28, 47, 54, 53, 1, 40, 34, 9, 51, 50, 46, 48, 42, 26, 11, 56, 22, 4, 57, 23, 43, 17, 0, 29, 12, 39, 24, 8, 31, 19, 52, 49, 3, 7, 21, 15, 37, 41, 30, 6, 10, 38, 2, 20, 35, 16, 25, 5, 18, 27, 13, 36], [23, 0.15000000000000002, 1, 2, 50, 10000, 1]], "25510.0": [[14, 33, 45, 55, 44, 32, 28, 2, 47, 54, 53, 1, 40, 34, 9, 51, 50, 46, 48, 42, 26, 11, 56, 22, 4, 57, 23, 43, 17, 0, 29, 12, 39, 24, 8, 31, 19, 52, 49, 3, 21, 7, 15, 37, 41, 30, 6, 10, 38, 20, 35, 16, 25, 5, 18, 27, 13, 36], [23, 0.15000000000000002, 1, 2, 50, 10000, 1]], "25523.0": [[20, 35, 16, 25, 5, 18, 27, 13, 36, 33, 14, 45, 55, 44, 32, 28, 2, 47, 54, 53, 1, 40, 34, 9, 51, 50, 46, 48, 42, 26, 11, 56, 22, 4, 57, 23, 43, 17, 0, 29, 12, 39, 24, 8, 31, 19, 52, 49, 3, 7, 21, 15, 37, 41, 30, 6, 10, 38], [23, 0.15000000000000002, 1, 2, 50, 10000, 1]], "25569.0": [[33, 45, 55, 44, 32, 28, 47, 54, 53, 1, 40, 34, 9, 51, 50, 46, 48, 42, 26, 11, 56, 22, 4, 57, 23, 43, 17, 0, 29, 12, 39, 24, 8, 31, 19, 52, 49, 3, 21, 7, 15, 37, 41, 30, 6, 10, 38, 2, 20, 35, 16, 25, 5, 18, 27, 13, 36, 14], [23, 0.15000000000000002, 1, 2, 50, 10000, 1]], "25571.0": [[28, 2, 47, 53, 54, 1, 40, 34, 9, 51, 50, 46, 48, 42, 26, 11, 56, 22, 4, 57, 23, 43, 17, 0, 29, 12, 39, 24, 8, 31, 19, 52, 49, 3, 7, 21, 15, 37, 41, 30, 6, 10, 38, 20, 35, 16, 25, 5, 18, 27, 13, 36, 33, 14, 45, 55, 44, 32], [23, 0.15000000000000002, 1, 2, 50, 10000, 1]], "25577.0": [[5, 18, 27, 13, 36, 33, 14, 45, 55, 44, 32, 28, 47, 54, 53, 1, 40, 34, 9, 51, 50, 46, 48, 42, 26, 11, 56, 22, 4, 57, 23, 43, 17, 0, 29, 12, 39, 24, 8, 31, 19, 52, 49, 3, 7, 21, 41, 30, 6, 37, 15, 10, 38, 2, 20, 35, 16, 25], [23, 0.15000000000000002, 1, 2, 50, 10000, 1]], "25582.0": [[54, 53, 1, 40, 34, 9, 51, 50, 46, 48, 42, 26, 11, 56, 22, 4, 57, 23, 43, 17, 0, 29, 12, 39, 24, 8, 31, 19, 52, 49, 3, 7, 21, 15, 37, 41, 30, 6, 10, 38, 2, 20, 35, 16, 25, 5, 18, 27, 13, 36, 33, 14, 45, 55, 44, 32, 28, 47], [23, 0.15000000000000002, 1, 2, 50, 10000, 1]], "25587.0": [[20, 35, 16, 25, 5, 18, 27, 13, 36, 33, 14, 45, 55, 44, 32, 28, 47, 54, 53, 1, 40, 34, 9, 51, 50, 46, 48, 42, 26, 11, 56, 22, 4, 57, 23, 43, 17, 0, 29, 12, 39, 24, 8, 31, 19, 52, 49, 3, 7, 21, 37, 41, 30, 6, 15, 10, 38, 2], [23, 0.15000000000000002, 1, 2, 50, 10000, 1]], "25604.0": [[37, 41, 15, 10, 38, 20, 35, 16, 25, 5, 18, 27, 13, 36, 33, 14, 45, 55, 44, 32, 28, 2, 47, 54, 53, 1, 40, 34, 9, 51, 50, 46, 48, 42, 26, 11, 56, 22, 4, 57, 23, 43, 17, 0, 29, 12, 39, 24, 8, 31, 19, 52, 49, 3, 21, 7, 30, 6], [23, 0.15000000000000002, 1, 2, 50, 10000, 1]], "25614.0": [[15, 10, 38, 20, 35, 16, 25, 5, 18, 27, 13, 36, 33, 14, 45, 55, 44, 32, 28, 2, 47, 54, 53, 1, 40, 34, 9, 51, 50, 46, 48, 42, 26, 11, 56, 22, 4, 57, 23, 43, 17, 0, 29, 12, 39, 24, 8, 31, 19, 52, 49, 3, 21, 7, 41, 30, 6, 37], [23, 0.15000000000000002, 1, 2, 50, 10000, 1]], "25617.0": [[5, 18, 27, 13, 36, 33, 14, 45, 55, 44, 32, 28, 2, 47, 54, 53, 1, 40, 34, 9, 51, 50, 46, 48, 42, 26, 11, 56, 22, 4, 57, 23, 43, 17, 0, 29, 12, 39, 24, 8, 31, 19, 52, 49, 3, 21, 7, 15, 37, 41, 30, 6, 10, 38, 20, 35, 16, 25], [23, 0.15000000000000002, 1, 2, 50, 10000, 1]], "25639.0": [[27, 13, 36, 33, 14, 44, 45, 55, 32, 28, 2, 47, 54, 53, 1, 40, 34, 9, 51, 50, 46, 48, 42, 26, 11, 56, 22, 4, 57, 23, 43, 17, 0, 29, 12, 39, 24, 8, 31, 19, 52, 49, 3, 7, 21, 15, 37, 41, 30, 6, 10, 38, 20, 35, 16, 25, 5, 18], [23, 0.15000000000000002, 1, 2, 50, 10000, 1]], "25647.0": [[32, 44, 45, 55, 33, 14, 36, 13, 27, 5, 18, 25, 16, 35, 28, 2, 47, 54, 53, 1, 40, 34, 9, 51, 50, 46, 48, 42, 26, 11, 56, 22, 4, 57, 23, 43, 17, 0, 29, 12, 39, 24, 8, 31, 19, 52, 49, 3, 7, 21, 15, 37, 41, 30, 6, 10, 38, 20], [23, 0.15000000000000002, 1, 2, 50, 10000, 1]], "25654.0": [[30, 6, 37, 41, 15, 10, 38, 20, 35, 16, 25, 5, 18, 27, 13, 36, 14, 33, 45, 55, 44, 32, 28, 2, 34, 9, 51, 50, 46, 48, 42, 26, 4, 22, 11, 56, 23, 57, 43, 17, 0, 29, 12, 39, 24, 8, 31, 19, 52, 49, 3, 21, 7, 54, 53, 1, 40, 47], [23, 0.15000000000000002, 1, 2, 50, 10000, 1]], "25663.0": [[30, 6, 37, 41, 15, 10, 38, 2, 20, 35, 16, 25, 5, 18, 27, 13, 36, 33, 14, 45, 55, 44, 32, 28, 47, 54, 53, 1, 40, 34, 9, 51, 50, 46, 48, 42, 26, 11, 56, 22, 4, 57, 23, 43, 17, 0, 29, 12, 39, 24, 8, 31, 19, 52, 49, 3, 21, 7], [23, 0.15000000000000002, 1, 2, 50, 10000, 1]], "25664.0": [[15, 10, 38, 20, 35, 16, 25, 5, 18, 27, 13, 36, 14, 33, 45, 55, 44, 32, 28, 2, 34, 9, 51, 50, 46, 48, 42, 26, 11, 56, 22, 4, 57, 23, 43, 17, 0, 29, 12, 39, 24, 8, 31, 19, 52, 49, 3, 21, 7, 54, 53, 1, 40, 47, 37, 41, 30, 6], [23, 0.15000000000000002, 1, 2, 50, 10000, 1]], "25673.0": [[47, 54, 53, 1, 40, 34, 9, 51, 50, 46, 48, 42, 26, 4, 22, 11, 56, 23, 57, 43, 17, 0, 29, 12, 39, 24, 8, 31, 19, 52, 49, 3, 21, 7, 41, 30, 6, 37, 15, 10, 38, 2, 20, 35, 16, 25, 5, 18, 27, 13, 36, 33, 14, 45, 55, 44, 32, 28], [23, 0.15000000000000002, 1, 2, 50, 10000, 1]], "25676.0": [[27, 13, 36, 33, 14, 45, 55, 44, 32, 28, 47, 54, 53, 1, 40, 34, 9, 51, 50, 46, 48, 42, 26, 11, 56, 22, 4, 57, 23, 43, 17, 0, 29, 12, 39, 24, 8, 31, 19, 52, 49, 3, 21, 7, 15, 37, 41, 30, 6, 10, 38, 2, 20, 35, 16, 25, 5, 18], [23, 0.15000000000000002, 1, 2, 50, 10000, 1]], "25688.0": [[14, 33, 45, 55, 44, 32, 28, 2, 38, 47, 54, 53, 1, 40, 34, 9, 51, 50, 46, 48, 42, 26, 11, 56, 22, 4, 57, 23, 43, 17, 0, 29, 12, 39, 24, 8, 31, 19, 52, 49, 3, 21, 7, 15, 37, 41, 30, 6, 10, 20, 35, 16, 25, 5, 18, 27, 13, 36], [23, 0.15000000000000002, 1, 2, 50, 10000, 1]], "25696.0": [[47, 54, 53, 1, 40, 34, 9, 51, 50, 46, 48, 42, 26, 11, 56, 22, 4, 57, 23, 43, 17, 0, 29, 12, 39, 24, 8, 31, 19, 52, 49, 3, 7, 21, 41, 30, 6, 37, 15, 10, 20, 35, 16, 25, 5, 18, 27, 13, 36, 33, 14, 45, 55, 44, 32, 28, 2, 38], [23, 0.15000000000000002, 1, 2, 50, 10000, 1]], "25698.0": [[54, 53, 1, 40, 34, 9, 51, 50, 46, 48, 42, 26, 11, 56, 22, 4, 57, 23, 43, 17, 0, 29, 12, 39, 24, 8, 31, 19, 52, 49, 3, 7, 21, 15, 37, 41, 30, 6, 10, 38, 2, 20, 35, 16, 25, 5, 18, 27, 13, 36, 33, 14, 44, 45, 55, 32, 28, 47], [23, 0.15000000000000002, 1, 2, 50, 10000, 1]], "25701.0": [[14, 33, 45, 55, 44, 32, 28, 38, 2, 47, 54, 53, 1, 40, 34, 9, 51, 50, 46, 48, 42, 26, 11, 56, 22, 4, 57, 23, 43, 17, 0, 29, 12, 39, 24, 8, 31, 19, 52, 49, 3, 21, 7, 15, 37, 41, 30, 6, 10, 20, 35, 16, 25, 5, 18, 27, 13, 36], [23, 0.15000000000000002, 1, 2, 50, 10000, 1]], "25728.0": [[25, 5, 27, 13, 36, 33, 14, 45, 55, 44, 32, 28, 47, 54, 53, 1, 40, 34, 9, 51, 50, 46, 48, 42, 26, 11, 56, 22, 4, 57, 23, 43, 17, 0, 29, 12, 39, 24, 8, 31, 19, 52, 49, 3, 7, 21, 15, 37, 41, 30, 6, 10, 38, 2, 20, 35, 16, 18], [23, 0.15000000000000002, 1, 2, 50, 10000, 1]], "25733.0": [[54, 53, 1, 40, 34, 9, 51, 50, 46, 48, 42, 26, 11, 56, 22, 4, 57, 23, 43, 17, 0, 29, 12, 39, 24, 8, 31, 19, 52, 49, 3, 21, 7, 15, 37, 41, 30, 6, 10, 38, 20, 35, 16, 25, 5, 18, 27, 13, 36, 33, 14, 44, 45, 55, 32, 28, 2, 47], [23, 0.15000000000000002, 1, 2, 50, 10000, 1]], "25747.0": [[37, 41, 15, 10, 20, 35, 16, 25, 5, 18, 27, 13, 36, 14, 33, 45, 55, 44, 32, 28, 2, 34, 9, 51, 50, 46, 48, 42, 26, 4, 22, 11, 56, 23, 57, 43, 17, 0, 29, 12, 39, 24, 8, 31, 19, 52, 49, 3, 21, 7, 54, 53, 1, 40, 47, 38, 30, 6], [23, 0.15000000000000002, 1, 2, 50, 10000, 1]], "25749.0": [[41, 30, 6, 37, 20, 35, 16, 25, 5, 18, 27, 13, 36, 14, 33, 45, 55, 44, 32, 28, 2, 34, 9, 51, 50, 46, 48, 42, 26, 11, 56, 22, 4, 57, 23, 43, 17, 0, 29, 12, 39, 24, 8, 31, 19, 52, 49, 3, 21, 7, 54, 53, 1, 40, 47, 38, 10, 15], [23, 0.15000000000000002, 1, 2, 50, 10000, 1]], "25754.0": [[30, 6, 37, 41, 15, 20, 35, 16, 25, 5, 18, 27, 13, 36, 14, 33, 45, 55, 44, 32, 28, 2, 34, 9, 51, 50, 46, 48, 42, 26, 4, 22, 11, 56, 23, 57, 43, 17, 0, 29, 12, 39, 24, 8, 31, 19, 52, 49, 3, 21, 7, 54, 53, 1, 40, 47, 38, 10], [23, 0.15000000000000002, 1, 2, 50, 10000, 1]],